{"_timestamp":1.7819515026976097e+09,"grad_norm":32.53386306762695,"loss":0.7349774241447449,"param_norm":1802.614990234375,"_wandb":{"runtime":2562},"_runtime":2562.468685104,"_step":450,"camera_views":{"width":672,"height":224,"format":"png","count":5,"filenames":["media/images/camera_views_0_522e09a788b2a46ce9cb.png","media/images/camera_views_0_3d37bbd3ace12bcd17e9.png","media/images/camera_views_0_cab46f47f8baab256ab7.png","media/images/camera_views_0_4c78453fa28b6fe651df.png","media/images/camera_views_0_6728b6ef981d471d3720.png"],"_type":"images/separated"}}