{"_timestamp":1.7819652227649267e+09,"grad_norm":11480.4609375,"loss":31.317840576171875,"param_norm":1805.2562255859375,"_runtime":10357.135865647,"_wandb":{"runtime":10357},"_step":2950,"camera_views":{"filenames":["media/images/camera_views_0_fb21a00e889555ed6b85.png","media/images/camera_views_0_01cfb8c07ef27e83f7bf.png","media/images/camera_views_0_9f5156f03a19b7ac73c4.png","media/images/camera_views_0_cf4ff9d43fad25dfd7b9.png","media/images/camera_views_0_8e06f6cd00d2a93b4d62.png"],"_type":"images/separated","width":672,"height":224,"format":"png","count":5}}