{"grad_norm":1195.9111328125,"loss":2.858144998550415,"param_norm":1806.8099365234375,"_wandb":{"runtime":99264},"_runtime":99264.700969294,"_step":29950,"camera_views":{"height":224,"format":"png","count":5,"filenames":["media/images/camera_views_0_194a585f10322fb10b86.png","media/images/camera_views_0_70905b6e054bea768e79.png","media/images/camera_views_0_dde0ef402f148e871f1b.png","media/images/camera_views_0_db905f0e663ee91f7226.png","media/images/camera_views_0_452fd71282152d8bc8f2.png"],"_type":"images/separated","width":672},"_timestamp":1.7816980252786496e+09}