{"_step":29950,"camera_views":{"count":5,"filenames":["media/images/camera_views_0_4e26d7af9c81470fcbb7.png","media/images/camera_views_0_21cc61e8a2c8692ef5a0.png","media/images/camera_views_0_7418032af7f4ab90f8fd.png","media/images/camera_views_0_4841d2d4dc539133a4eb.png","media/images/camera_views_0_7e6d17cd18e0371a9873.png"],"_type":"images/separated","width":672,"height":224,"format":"png"},"_wandb":{"runtime":95275},"_timestamp":1.781690300633888e+09,"grad_norm":2153.560302734375,"loss":4.087210178375244,"param_norm":1808.2393798828125,"_runtime":95275.49739404}